0,1,2,3,4,5,6,7,8,9,10,11,12,13
Puerto Malabrigo y Dama de Cao,TOUR CASCAS,TOUR ISLAS DE GUAÑAPE,FULL DAY LIMA,TOUR HUÁNUCO Y TINGO MARIA,TOUR MONTAÑA DE 7 COLORES,TOUR LAGUNA DE PARÓN,Tour Moche,TOUR CATARATA CONDORNADA,TOUR CATARATA DE HUACAMAILLO,TOUR A TINGANA – MOYOBAMBA,TOUR CATARATA DE GOCTA,TOUR HUAYTAPALLANA,
Puerto Malabrigo y Dama de Cao,TOUR HUÁNUCO,TOUR CASCAS,TOUR ISLAS DE GUAÑAPE,Tour CARAL,TOUR HUÁNUCO Y TINGO MARIA,TOUR LIMA CARAL,TOUR GRANJA PORCÓN,TOUR CATARATA CONDORNADA,TOUR CATARATA DE PISHURAYACU,TOUR HUAYTAPALLANA,,,
Puerto Malabrigo y Dama de Cao,TOUR CASCAS,Tour CARAL,FULL DAY LIMA,Tour Moche,TOUR CATARATA DE PISHURAYACU,TOUR A TINGANA – MOYOBAMBA,,,,,,,
TOUR HUÁNUCO,TOUR CASCAS,TOUR ISLAS DE GUAÑAPE,TOUR HUÁNUCO Y TINGO MARIA,Tour Moche,TOUR CATARATA CONDORNADA,TOUR CATARATA DE PISHURAYACU,TOUR LAGUNA 69,TOUR A TINGANA – MOYOBAMBA,TOUR CATARATA DE GOCTA,TOUR HUAYTAPALLANA,,,
TOUR HUÁNUCO,TOUR CASCAS,Tour CARAL,FULL DAY LIMA,TOUR MONTAÑA DE 7 COLORES,Tour Moche,TOUR CATARATA CONDORNADA,TOUR CATARATA DE PISHURAYACU,TOUR LAGUNA 69,TOUR A TINGANA – MOYOBAMBA,TOUR CATARATA DE GOCTA,,,
TOUR HUÁNUCO,TOUR CASCAS,TOUR ISLAS DE GUAÑAPE,TOUR HUÁNUCO Y TINGO MARIA,TOUR LIMA CARAL,TOUR GRANJA PORCÓN,TOUR LAGUNA DE PARÓN,Tour Moche,TOUR CATARATA CONDORNADA,FIESTAS PATRIAS TUMBES,TOUR CATARATA DE HUACAMAILLO,TOUR CATARATA DE GOCTA,,
TOUR HUÁNUCO,TOUR CASCAS,Tour CARAL,FULL DAY LIMA,TOUR LIMA CARAL,TOUR MONTAÑA DE 7 COLORES,TOUR LAGUNA DE PARÓN,FIESTAS PATRIAS TUMBES,TOUR CATARATA DE HUACAMAILLO,TOUR LAGUNA 69,TOUR A TINGANA – MOYOBAMBA,TOUR CATARATA DE GOCTA,,
TOUR HUÁNUCO,TOUR CASCAS,Tour CARAL,FULL DAY LIMA,TOUR HUÁNUCO Y TINGO MARIA,TOUR GRANJA PORCÓN,TOUR MONTAÑA DE 7 COLORES,TOUR LAGUNA DE PARÓN,TOUR CATARATA CONDORNADA,TOUR CATARATA DE HUACAMAILLO,TOUR A TINGANA – MOYOBAMBA,TOUR HUAYTAPALLANA,,
TOUR HUÁNUCO,TOUR ISLAS DE GUAÑAPE,Tour CARAL,FULL DAY LIMA,TOUR HUÁNUCO Y TINGO MARIA,TOUR LIMA CARAL,TOUR CATARATA CONDORNADA,TOUR CATARATA DE PISHURAYACU,TOUR CATARATA DE HUACAMAILLO,,,,,
TOUR CASCAS,TOUR ISLAS DE GUAÑAPE,TOUR HUÁNUCO Y TINGO MARIA,TOUR GRANJA PORCÓN,TOUR MONTAÑA DE 7 COLORES,Tour Moche,FIESTAS PATRIAS TUMBES,TOUR CATARATA DE PISHURAYACU,TOUR CATARATA DE HUACAMAILLO,TOUR LAGUNA 69,TOUR A TINGANA – MOYOBAMBA,TOUR CATARATA DE GOCTA,TOUR HUAYTAPALLANA,
TOUR CASCAS,TOUR HUÁNUCO Y TINGO MARIA,TOUR LIMA CARAL,TOUR MONTAÑA DE 7 COLORES,TOUR CATARATA CONDORNADA,TOUR CATARATA DE HUACAMAILLO,TOUR LAGUNA 69,TOUR A TINGANA – MOYOBAMBA,,,,,,
Puerto Malabrigo y Dama de Cao,TOUR HUÁNUCO,TOUR CASCAS,TOUR ISLAS DE GUAÑAPE,Tour CARAL,TOUR LIMA CARAL,TOUR GRANJA PORCÓN,TOUR MONTAÑA DE 7 COLORES,TOUR LAGUNA DE PARÓN,TOUR CATARATA CONDORNADA,TOUR CATARATA DE PISHURAYACU,TOUR LAGUNA 69,TOUR A TINGANA – MOYOBAMBA,TOUR HUAYTAPALLANA
Puerto Malabrigo y Dama de Cao,TOUR HUÁNUCO,Tour CARAL,TOUR LIMA CARAL,TOUR GRANJA PORCÓN,TOUR CATARATA CONDORNADA,FIESTAS PATRIAS TUMBES,TOUR CATARATA DE PISHURAYACU,TOUR CATARATA DE HUACAMAILLO,TOUR LAGUNA 69,TOUR HUAYTAPALLANA,,,
TOUR ISLAS DE GUAÑAPE,Tour CARAL,FULL DAY LIMA,TOUR HUÁNUCO Y TINGO MARIA,TOUR LIMA CARAL,Tour Moche,TOUR CATARATA CONDORNADA,FIESTAS PATRIAS TUMBES,TOUR CATARATA DE PISHURAYACU,TOUR CATARATA DE HUACAMAILLO,TOUR A TINGANA – MOYOBAMBA,TOUR CATARATA DE GOCTA,,
Puerto Malabrigo y Dama de Cao,TOUR HUÁNUCO,TOUR ISLAS DE GUAÑAPE,TOUR LIMA CARAL,TOUR MONTAÑA DE 7 COLORES,TOUR LAGUNA DE PARÓN,TOUR CATARATA CONDORNADA,FIESTAS PATRIAS TUMBES,TOUR CATARATA DE PISHURAYACU,TOUR CATARATA DE HUACAMAILLO,TOUR LAGUNA 69,TOUR A TINGANA – MOYOBAMBA,,
Puerto Malabrigo y Dama de Cao,TOUR HUÁNUCO,TOUR CASCAS,Tour CARAL,TOUR HUÁNUCO Y TINGO MARIA,TOUR LIMA CARAL,TOUR GRANJA PORCÓN,TOUR LAGUNA DE PARÓN,TOUR CATARATA DE HUACAMAILLO,TOUR LAGUNA 69,TOUR A TINGANA – MOYOBAMBA,TOUR CATARATA DE GOCTA,TOUR HUAYTAPALLANA,
Puerto Malabrigo y Dama de Cao,TOUR HUÁNUCO,TOUR HUÁNUCO Y TINGO MARIA,TOUR GRANJA PORCÓN,TOUR LAGUNA DE PARÓN,Tour Moche,TOUR CATARATA DE PISHURAYACU,TOUR LAGUNA 69,TOUR A TINGANA – MOYOBAMBA,TOUR HUAYTAPALLANA,,,,
TOUR ISLAS DE GUAÑAPE,FULL DAY LIMA,TOUR HUÁNUCO Y TINGO MARIA,TOUR LIMA CARAL,TOUR GRANJA PORCÓN,TOUR CATARATA CONDORNADA,FIESTAS PATRIAS TUMBES,TOUR CATARATA DE PISHURAYACU,TOUR LAGUNA 69,TOUR A TINGANA – MOYOBAMBA,TOUR CATARATA DE GOCTA,TOUR HUAYTAPALLANA,,
Tour CARAL,TOUR HUÁNUCO Y TINGO MARIA,TOUR LIMA CARAL,TOUR MONTAÑA DE 7 COLORES,TOUR LAGUNA DE PARÓN,Tour Moche,TOUR CATARATA CONDORNADA,FIESTAS PATRIAS TUMBES,TOUR CATARATA DE HUACAMAILLO,TOUR LAGUNA 69,TOUR CATARATA DE GOCTA,TOUR HUAYTAPALLANA,,
TOUR HUÁNUCO,TOUR CASCAS,TOUR ISLAS DE GUAÑAPE,FULL DAY LIMA,TOUR LIMA CARAL,TOUR LAGUNA DE PARÓN,TOUR CATARATA CONDORNADA,FIESTAS PATRIAS TUMBES,TOUR CATARATA DE GOCTA,TOUR HUAYTAPALLANA,,,,
TOUR HUÁNUCO,TOUR CASCAS,TOUR ISLAS DE GUAÑAPE,TOUR GRANJA PORCÓN,TOUR MONTAÑA DE 7 COLORES,TOUR LAGUNA DE PARÓN,TOUR CATARATA DE PISHURAYACU,TOUR CATARATA DE HUACAMAILLO,,,,,,
TOUR HUÁNUCO,TOUR CASCAS,Tour CARAL,FULL DAY LIMA,TOUR HUÁNUCO Y TINGO MARIA,Tour Moche,FIESTAS PATRIAS TUMBES,TOUR CATARATA DE PISHURAYACU,TOUR CATARATA DE HUACAMAILLO,TOUR A TINGANA – MOYOBAMBA,,,,
TOUR CASCAS,TOUR ISLAS DE GUAÑAPE,FULL DAY LIMA,TOUR HUÁNUCO Y TINGO MARIA,TOUR LIMA CARAL,TOUR MONTAÑA DE 7 COLORES,TOUR CATARATA CONDORNADA,FIESTAS PATRIAS TUMBES,TOUR CATARATA DE PISHURAYACU,TOUR LAGUNA 69,TOUR CATARATA DE GOCTA,,,
Puerto Malabrigo y Dama de Cao,Tour CARAL,TOUR HUÁNUCO Y TINGO MARIA,TOUR LIMA CARAL,TOUR MONTAÑA DE 7 COLORES,Tour Moche,TOUR CATARATA CONDORNADA,FIESTAS PATRIAS TUMBES,TOUR CATARATA DE PISHURAYACU,TOUR CATARATA DE HUACAMAILLO,TOUR LAGUNA 69,,,
Puerto Malabrigo y Dama de Cao,TOUR HUÁNUCO,TOUR CASCAS,TOUR ISLAS DE GUAÑAPE,TOUR HUÁNUCO Y TINGO MARIA,TOUR LIMA CARAL,TOUR MONTAÑA DE 7 COLORES,TOUR LAGUNA DE PARÓN,Tour Moche,TOUR CATARATA CONDORNADA,FIESTAS PATRIAS TUMBES,TOUR CATARATA DE PISHURAYACU,TOUR A TINGANA – MOYOBAMBA,TOUR HUAYTAPALLANA
TOUR CASCAS,Tour CARAL,TOUR HUÁNUCO Y TINGO MARIA,TOUR MONTAÑA DE 7 COLORES,TOUR LAGUNA DE PARÓN,Tour Moche,TOUR CATARATA CONDORNADA,FIESTAS PATRIAS TUMBES,TOUR CATARATA DE HUACAMAILLO,TOUR A TINGANA – MOYOBAMBA,,,,
TOUR HUÁNUCO,Tour CARAL,FULL DAY LIMA,TOUR MONTAÑA DE 7 COLORES,TOUR LAGUNA DE PARÓN,FIESTAS PATRIAS TUMBES,TOUR LAGUNA 69,,,,,,,
TOUR HUÁNUCO,TOUR CASCAS,TOUR ISLAS DE GUAÑAPE,Tour CARAL,TOUR HUÁNUCO Y TINGO MARIA,TOUR MONTAÑA DE 7 COLORES,Tour Moche,TOUR CATARATA DE PISHURAYACU,TOUR LAGUNA 69,TOUR A TINGANA – MOYOBAMBA,,,,
TOUR HUÁNUCO,TOUR ISLAS DE GUAÑAPE,Tour CARAL,FULL DAY LIMA,TOUR HUÁNUCO Y TINGO MARIA,TOUR MONTAÑA DE 7 COLORES,TOUR LAGUNA DE PARÓN,Tour Moche,FIESTAS PATRIAS TUMBES,TOUR CATARATA DE PISHURAYACU,TOUR A TINGANA – MOYOBAMBA,TOUR CATARATA DE GOCTA,TOUR HUAYTAPALLANA,
TOUR ISLAS DE GUAÑAPE,FULL DAY LIMA,TOUR HUÁNUCO Y TINGO MARIA,TOUR LIMA CARAL,TOUR GRANJA PORCÓN,TOUR LAGUNA DE PARÓN,Tour Moche,TOUR CATARATA CONDORNADA,FIESTAS PATRIAS TUMBES,TOUR CATARATA DE PISHURAYACU,TOUR LAGUNA 69,TOUR A TINGANA – MOYOBAMBA,TOUR CATARATA DE GOCTA,
Puerto Malabrigo y Dama de Cao,TOUR HUÁNUCO,TOUR CASCAS,TOUR ISLAS DE GUAÑAPE,TOUR LIMA CARAL,TOUR MONTAÑA DE 7 COLORES,TOUR LAGUNA DE PARÓN,FIESTAS PATRIAS TUMBES,TOUR CATARATA DE PISHURAYACU,TOUR CATARATA DE HUACAMAILLO,TOUR LAGUNA 69,TOUR A TINGANA – MOYOBAMBA,,
Puerto Malabrigo y Dama de Cao,TOUR HUÁNUCO,FULL DAY LIMA,TOUR GRANJA PORCÓN,TOUR LAGUNA DE PARÓN,FIESTAS PATRIAS TUMBES,TOUR CATARATA DE PISHURAYACU,TOUR LAGUNA 69,TOUR A TINGANA – MOYOBAMBA,TOUR CATARATA DE GOCTA,TOUR HUAYTAPALLANA,,,
Puerto Malabrigo y Dama de Cao,TOUR HUÁNUCO,TOUR CASCAS,Tour CARAL,FULL DAY LIMA,TOUR HUÁNUCO Y TINGO MARIA,TOUR MONTAÑA DE 7 COLORES,TOUR LAGUNA DE PARÓN,Tour Moche,FIESTAS PATRIAS TUMBES,TOUR CATARATA DE PISHURAYACU,TOUR LAGUNA 69,TOUR A TINGANA – MOYOBAMBA,
TOUR CASCAS,TOUR ISLAS DE GUAÑAPE,FULL DAY LIMA,TOUR HUÁNUCO Y TINGO MARIA,TOUR LIMA CARAL,TOUR MONTAÑA DE 7 COLORES,TOUR LAGUNA DE PARÓN,FIESTAS PATRIAS TUMBES,TOUR A TINGANA – MOYOBAMBA,TOUR HUAYTAPALLANA,,,,
TOUR HUÁNUCO,TOUR CASCAS,TOUR ISLAS DE GUAÑAPE,Tour CARAL,FULL DAY LIMA,TOUR MONTAÑA DE 7 COLORES,TOUR LAGUNA DE PARÓN,Tour Moche,TOUR CATARATA CONDORNADA,FIESTAS PATRIAS TUMBES,TOUR CATARATA DE HUACAMAILLO,,,
Puerto Malabrigo y Dama de Cao,TOUR HUÁNUCO Y TINGO MARIA,TOUR GRANJA PORCÓN,TOUR MONTAÑA DE 7 COLORES,Tour Moche,FIESTAS PATRIAS TUMBES,TOUR CATARATA DE HUACAMAILLO,TOUR LAGUNA 69,TOUR A TINGANA – MOYOBAMBA,TOUR CATARATA DE GOCTA,TOUR HUAYTAPALLANA,,,
TOUR CASCAS,TOUR ISLAS DE GUAÑAPE,Tour CARAL,FULL DAY LIMA,TOUR LIMA CARAL,TOUR CATARATA CONDORNADA,TOUR CATARATA DE HUACAMAILLO,TOUR LAGUNA 69,TOUR A TINGANA – MOYOBAMBA,,,,,
Puerto Malabrigo y Dama de Cao,TOUR CASCAS,TOUR LIMA CARAL,TOUR GRANJA PORCÓN,TOUR MONTAÑA DE 7 COLORES,TOUR LAGUNA DE PARÓN,TOUR CATARATA CONDORNADA,TOUR CATARATA DE PISHURAYACU,TOUR CATARATA DE HUACAMAILLO,TOUR LAGUNA 69,TOUR HUAYTAPALLANA,,,
TOUR LIMA CARAL,TOUR GRANJA PORCÓN,TOUR MONTAÑA DE 7 COLORES,TOUR LAGUNA DE PARÓN,Tour Moche,TOUR CATARATA CONDORNADA,FIESTAS PATRIAS TUMBES,TOUR LAGUNA 69,TOUR HUAYTAPALLANA,,,,,
TOUR HUÁNUCO,TOUR CASCAS,TOUR ISLAS DE GUAÑAPE,Tour CARAL,FULL DAY LIMA,TOUR HUÁNUCO Y TINGO MARIA,TOUR GRANJA PORCÓN,TOUR MONTAÑA DE 7 COLORES,TOUR LAGUNA DE PARÓN,Tour Moche,TOUR CATARATA CONDORNADA,TOUR CATARATA DE PISHURAYACU,TOUR LAGUNA 69,TOUR CATARATA DE GOCTA
TOUR HUÁNUCO,TOUR CASCAS,TOUR ISLAS DE GUAÑAPE,FULL DAY LIMA,TOUR HUÁNUCO Y TINGO MARIA,TOUR LIMA CARAL,TOUR GRANJA PORCÓN,TOUR MONTAÑA DE 7 COLORES,FIESTAS PATRIAS TUMBES,TOUR CATARATA DE PISHURAYACU,TOUR CATARATA DE HUACAMAILLO,TOUR A TINGANA – MOYOBAMBA,TOUR CATARATA DE GOCTA,
TOUR HUÁNUCO,TOUR CASCAS,TOUR ISLAS DE GUAÑAPE,FULL DAY LIMA,TOUR GRANJA PORCÓN,Tour Moche,FIESTAS PATRIAS TUMBES,TOUR CATARATA DE PISHURAYACU,TOUR LAGUNA 69,TOUR A TINGANA – MOYOBAMBA,TOUR CATARATA DE GOCTA,,,
Puerto Malabrigo y Dama de Cao,TOUR HUÁNUCO,TOUR CASCAS,TOUR ISLAS DE GUAÑAPE,FULL DAY LIMA,TOUR MONTAÑA DE 7 COLORES,TOUR LAGUNA DE PARÓN,TOUR CATARATA CONDORNADA,TOUR CATARATA DE PISHURAYACU,TOUR A TINGANA – MOYOBAMBA,TOUR HUAYTAPALLANA,,,
Puerto Malabrigo y Dama de Cao,TOUR HUÁNUCO,TOUR ISLAS DE GUAÑAPE,Tour CARAL,FULL DAY LIMA,TOUR HUÁNUCO Y TINGO MARIA,TOUR LIMA CARAL,TOUR GRANJA PORCÓN,TOUR MONTAÑA DE 7 COLORES,Tour Moche,TOUR CATARATA DE PISHURAYACU,TOUR CATARATA DE HUACAMAILLO,TOUR LAGUNA 69,
Puerto Malabrigo y Dama de Cao,TOUR HUÁNUCO,TOUR ISLAS DE GUAÑAPE,Tour CARAL,TOUR LIMA CARAL,TOUR MONTAÑA DE 7 COLORES,TOUR LAGUNA DE PARÓN,TOUR CATARATA CONDORNADA,TOUR CATARATA DE PISHURAYACU,TOUR LAGUNA 69,TOUR CATARATA DE GOCTA,TOUR HUAYTAPALLANA,,
TOUR CASCAS,FULL DAY LIMA,TOUR HUÁNUCO Y TINGO MARIA,TOUR GRANJA PORCÓN,Tour Moche,TOUR CATARATA DE PISHURAYACU,TOUR LAGUNA 69,TOUR A TINGANA – MOYOBAMBA,,,,,,
Puerto Malabrigo y Dama de Cao,TOUR HUÁNUCO,TOUR CASCAS,Tour CARAL,FULL DAY LIMA,TOUR HUÁNUCO Y TINGO MARIA,TOUR GRANJA PORCÓN,Tour Moche,TOUR CATARATA DE PISHURAYACU,TOUR CATARATA DE HUACAMAILLO,TOUR LAGUNA 69,TOUR CATARATA DE GOCTA,TOUR HUAYTAPALLANA,
TOUR HUÁNUCO,TOUR CASCAS,FULL DAY LIMA,TOUR HUÁNUCO Y TINGO MARIA,TOUR LIMA CARAL,TOUR GRANJA PORCÓN,TOUR MONTAÑA DE 7 COLORES,TOUR LAGUNA DE PARÓN,TOUR CATARATA CONDORNADA,FIESTAS PATRIAS TUMBES,TOUR CATARATA DE PISHURAYACU,TOUR CATARATA DE HUACAMAILLO,TOUR HUAYTAPALLANA,
Puerto Malabrigo y Dama de Cao,TOUR HUÁNUCO,Tour CARAL,FULL DAY LIMA,TOUR HUÁNUCO Y TINGO MARIA,TOUR LIMA CARAL,TOUR LAGUNA DE PARÓN,TOUR CATARATA CONDORNADA,TOUR LAGUNA 69,TOUR A TINGANA – MOYOBAMBA,TOUR HUAYTAPALLANA,,,
Puerto Malabrigo y Dama de Cao,TOUR ISLAS DE GUAÑAPE,Tour CARAL,FULL DAY LIMA,TOUR HUÁNUCO Y TINGO MARIA,TOUR LIMA CARAL,TOUR LAGUNA DE PARÓN,FIESTAS PATRIAS TUMBES,TOUR LAGUNA 69,TOUR CATARATA DE GOCTA,,,,
Puerto Malabrigo y Dama de Cao,TOUR HUÁNUCO,Tour CARAL,TOUR HUÁNUCO Y TINGO MARIA,TOUR LIMA CARAL,TOUR MONTAÑA DE 7 COLORES,Tour Moche,TOUR CATARATA DE HUACAMAILLO,TOUR A TINGANA – MOYOBAMBA,TOUR CATARATA DE GOCTA,TOUR HUAYTAPALLANA,,,
TOUR HUÁNUCO,TOUR CASCAS,TOUR ISLAS DE GUAÑAPE,FULL DAY LIMA,TOUR LIMA CARAL,TOUR LAGUNA DE PARÓN,FIESTAS PATRIAS TUMBES,TOUR CATARATA DE HUACAMAILLO,TOUR LAGUNA 69,TOUR CATARATA DE GOCTA,TOUR HUAYTAPALLANA,,,
TOUR HUÁNUCO,TOUR CASCAS,TOUR ISLAS DE GUAÑAPE,Tour CARAL,TOUR HUÁNUCO Y TINGO MARIA,TOUR GRANJA PORCÓN,TOUR MONTAÑA DE 7 COLORES,TOUR LAGUNA DE PARÓN,FIESTAS PATRIAS TUMBES,TOUR A TINGANA – MOYOBAMBA,,,,
TOUR CASCAS,TOUR ISLAS DE GUAÑAPE,Tour CARAL,TOUR LIMA CARAL,TOUR LAGUNA DE PARÓN,Tour Moche,TOUR CATARATA DE HUACAMAILLO,TOUR CATARATA DE GOCTA,TOUR HUAYTAPALLANA,,,,,
Puerto Malabrigo y Dama de Cao,TOUR CASCAS,TOUR ISLAS DE GUAÑAPE,FULL DAY LIMA,TOUR LIMA CARAL,TOUR GRANJA PORCÓN,TOUR MONTAÑA DE 7 COLORES,Tour Moche,FIESTAS PATRIAS TUMBES,TOUR CATARATA DE PISHURAYACU,TOUR CATARATA DE HUACAMAILLO,TOUR LAGUNA 69,,
TOUR CASCAS,TOUR ISLAS DE GUAÑAPE,FULL DAY LIMA,TOUR HUÁNUCO Y TINGO MARIA,TOUR GRANJA PORCÓN,TOUR MONTAÑA DE 7 COLORES,TOUR LAGUNA DE PARÓN,TOUR CATARATA DE HUACAMAILLO,TOUR LAGUNA 69,TOUR A TINGANA – MOYOBAMBA,TOUR HUAYTAPALLANA,,,
TOUR HUÁNUCO,Tour CARAL,FULL DAY LIMA,TOUR HUÁNUCO Y TINGO MARIA,TOUR LIMA CARAL,TOUR GRANJA PORCÓN,TOUR LAGUNA DE PARÓN,Tour Moche,FIESTAS PATRIAS TUMBES,TOUR CATARATA DE PISHURAYACU,TOUR CATARATA DE HUACAMAILLO,TOUR A TINGANA – MOYOBAMBA,TOUR CATARATA DE GOCTA,TOUR HUAYTAPALLANA
Puerto Malabrigo y Dama de Cao,TOUR ISLAS DE GUAÑAPE,Tour CARAL,TOUR LIMA CARAL,TOUR GRANJA PORCÓN,TOUR LAGUNA DE PARÓN,Tour Moche,FIESTAS PATRIAS TUMBES,TOUR CATARATA DE PISHURAYACU,TOUR CATARATA DE HUACAMAILLO,TOUR A TINGANA – MOYOBAMBA,TOUR HUAYTAPALLANA,,
Puerto Malabrigo y Dama de Cao,Tour CARAL,TOUR LIMA CARAL,TOUR MONTAÑA DE 7 COLORES,Tour Moche,FIESTAS PATRIAS TUMBES,TOUR LAGUNA 69,TOUR A TINGANA – MOYOBAMBA,TOUR CATARATA DE GOCTA,TOUR HUAYTAPALLANA,,,,
Puerto Malabrigo y Dama de Cao,Tour CARAL,TOUR GRANJA PORCÓN,TOUR MONTAÑA DE 7 COLORES,TOUR LAGUNA DE PARÓN,Tour Moche,FIESTAS PATRIAS TUMBES,TOUR CATARATA DE PISHURAYACU,TOUR CATARATA DE HUACAMAILLO,TOUR A TINGANA – MOYOBAMBA,TOUR CATARATA DE GOCTA,TOUR HUAYTAPALLANA,,
